{
  "pose":
  [[0.3374881113087799, 0.8692426604422854, 0.3612740953797418, 0.3878559066279335],
    [-0.6202434265829769, 0.4940411645297958, -0.6092794264790589, 0.2994053519985308],
    [-0.7080959444212631, -0.018453319952282048, 0.7058750657707767, 0.4954203680830606],
    [0.0, 0.0, 0.0, 1.0]],
  "table_height": 0.005381091664077276,
  "K":
   [[1386.780827, 0.0, 954.954318],
    [0.0, 1374.070901, 486.760998],
    [0.0, 0.0, 1.0]],

  "distortion":
    [0.178200, -0.352589, -0.011786, 0.003741, 0.000000],
  "resolution":
    [1920, 1080]
}